"size_class","count","min_size_class","max_size_class","mp_size_class","size_width","n_s","db","min_d","max_d","mp"
"(0.104,0.154]",96,0.104,0.154,0.129,0.05,1.06106659298149,"(0,50]",0,50,25
"(0.154,0.204]",48,0.154,0.204,0.179,0.05,0.530533296490743,"(0,50]",0,50,25
"(0.204,0.254]",96,0.204,0.254,0.229,0.05,1.06106659298149,"(0,50]",0,50,25
"(0.254,0.304]",144,0.254,0.304,0.279,0.05,1.59159988947223,"(0,50]",0,50,25
"(0.304,0.354]",144,0.304,0.354,0.329,0.05,1.59159988947223,"(0,50]",0,50,25
"(0.354,0.404]",184,0.354,0.404,0.379,0.05,2.03371096988118,"(0,50]",0,50,25
"(0.404,0.454]",152,0.404,0.454,0.429,0.05,1.68002210555402,"(0,50]",0,50,25
"(0.454,0.504]",116,0.454,0.504,0.479,0.05,1.28212213318596,"(0,50]",0,50,25
"(0.504,0.554]",102,0.504,0.554,0.529,0.05,1.12738325504283,"(0,50]",0,50,25
"(0.554,0.604]",63,0.554,0.604,0.579,0.0499999999999999,0.696324951644101,"(0,50]",0,50,25
"(0.604,0.654]",44,0.604,0.654,0.629,0.05,0.486322188449848,"(0,50]",0,50,25
"(0.654,0.704]",28,0.654,0.704,0.679,0.0499999999999999,0.309477756286267,"(0,50]",0,50,25
"(0.704,0.754]",32,0.704,0.754,0.729,0.05,0.353688864327162,"(0,50]",0,50,25
"(0.754,0.804]",19,0.754,0.804,0.779,0.05,0.210002763194252,"(0,50]",0,50,25
"(0.804,0.854]",10,0.804,0.854,0.829,0.0499999999999999,0.110527770102238,"(0,50]",0,50,25
"(0.854,0.904]",6,0.854,0.904,0.879,0.05,0.0663166620613428,"(0,50]",0,50,25
"(0.904,0.954]",9,0.904,0.954,0.929,0.0499999999999999,0.0994749930920145,"(0,50]",0,50,25
"(0.954,1]",5,0.954,1,0.977,0.046,0.0600694402729555,"(0,50]",0,50,25
"(1,1.05]",4,1,1.05,1.025,0.05,0.0442111080408952,"(0,50]",0,50,25
"(1.05,1.1]",5,1.05,1.1,1.075,0.05,0.055263885051119,"(0,50]",0,50,25
"(1.1,1.15]",4,1.1,1.15,1.125,0.0499999999999998,0.0442111080408954,"(0,50]",0,50,25
"(1.15,1.2]",4,1.15,1.2,1.175,0.05,0.0442111080408952,"(0,50]",0,50,25
"(1.2,1.25]",4,1.2,1.25,1.225,0.05,0.0442111080408952,"(0,50]",0,50,25
"(1.25,1.3]",3,1.25,1.3,1.275,0.05,0.0331583310306714,"(0,50]",0,50,25
"(1.3,1.35]",6,1.3,1.35,1.325,0.05,0.0663166620613428,"(0,50]",0,50,25
"(1.4,1.45]",1,1.4,1.45,1.425,0.05,0.0110527770102238,"(0,50]",0,50,25
"(1.45,1.5]",1,1.45,1.5,1.475,0.05,0.0110527770102238,"(0,50]",0,50,25
"(1.5,1.55]",3,1.5,1.55,1.525,0.05,0.0331583310306714,"(0,50]",0,50,25
"(1.55,1.6]",2,1.55,1.6,1.575,0.05,0.0221055540204476,"(0,50]",0,50,25
"(1.6,1.65]",2,1.6,1.65,1.625,0.0499999999999998,0.0221055540204477,"(0,50]",0,50,25
"(1.65,1.7]",2,1.65,1.7,1.675,0.05,0.0221055540204476,"(0,50]",0,50,25
"(1.75,1.8]",1,1.75,1.8,1.775,0.05,0.0110527770102238,"(0,50]",0,50,25
"(1.85,1.9]",1,1.85,1.9,1.875,0.0499999999999998,0.0110527770102239,"(0,50]",0,50,25
"(1.9,1.95]",2,1.9,1.95,1.925,0.05,0.0221055540204476,"(0,50]",0,50,25
"(2.55,2.6]",1,2.55,2.6,2.575,0.0500000000000003,0.0110527770102238,"(0,50]",0,50,25
"(0.1038,0.1538]",100,0.1038,0.1538,0.1288,0.05,1.15074798619102,"(50,100]",50,100,75
"(0.1538,0.2038]",50,0.1538,0.2038,0.1788,0.05,0.575373993095512,"(50,100]",50,100,75
"(0.2038,0.2538]",100,0.2038,0.2538,0.2288,0.05,1.15074798619102,"(50,100]",50,100,75
"(0.2538,0.3038]",150,0.2538,0.3038,0.2788,0.05,1.72612197928654,"(50,100]",50,100,75
"(0.3038,0.3538]",150,0.3038,0.3538,0.3288,0.05,1.72612197928654,"(50,100]",50,100,75
"(0.3538,0.4038]",196,0.3538,0.4038,0.3788,0.05,2.25546605293441,"(50,100]",50,100,75
"(0.4038,0.4538]",174,0.4038,0.4538,0.4288,0.05,2.00230149597238,"(50,100]",50,100,75
"(0.4538,0.5038]",138,0.4538,0.5038,0.4788,0.05,1.58803222094361,"(50,100]",50,100,75
"(0.5038,0.5538]",135,0.5038,0.5538,0.5288,0.0499999999999999,1.55350978135788,"(50,100]",50,100,75
"(0.5538,0.6038]",90,0.5538,0.6038,0.5788,0.05,1.03567318757192,"(50,100]",50,100,75
"(0.6038,0.6538]",58,0.6038,0.6538,0.6288,0.05,0.667433831990793,"(50,100]",50,100,75
"(0.6538,0.7038]",47,0.6538,0.7038,0.6788,0.0499999999999999,0.540851553509782,"(50,100]",50,100,75
"(0.7038,0.7538]",26,0.7038,0.7538,0.7288,0.05,0.299194476409666,"(50,100]",50,100,75
"(0.7538,0.8038]",16,0.7538,0.8038,0.7788,0.0499999999999999,0.184119677790564,"(50,100]",50,100,75
"(0.8038,0.8538]",13,0.8038,0.8538,0.8288,0.05,0.149597238204833,"(50,100]",50,100,75
"(0.8538,0.9038]",10,0.8538,0.9038,0.8788,0.05,0.115074798619102,"(50,100]",50,100,75
"(0.9038,0.9538]",3,0.9038,0.9538,0.9288,0.0499999999999999,0.0345224395857308,"(50,100]",50,100,75
"(0.9538,1.004]",3,0.9538,1.004,0.9789,0.0502,0.0343848999857876,"(50,100]",50,100,75
"(1.004,1.054]",3,1.004,1.054,1.029,0.05,0.0345224395857307,"(50,100]",50,100,75
"(1.054,1.104]",2,1.054,1.104,1.079,0.05,0.0230149597238205,"(50,100]",50,100,75
"(1.204,1.254]",3,1.204,1.254,1.229,0.05,0.0345224395857307,"(50,100]",50,100,75
"(1.304,1.354]",1,1.304,1.354,1.329,0.05,0.0115074798619102,"(50,100]",50,100,75
"(1.504,1.554]",2,1.504,1.554,1.529,0.05,0.0230149597238205,"(50,100]",50,100,75
"(1.554,1.604]",1,1.554,1.604,1.579,0.05,0.0115074798619102,"(50,100]",50,100,75
"(1.604,1.654]",1,1.604,1.654,1.629,0.0499999999999998,0.0115074798619103,"(50,100]",50,100,75
"(1.654,1.704]",1,1.654,1.704,1.679,0.05,0.0115074798619102,"(50,100]",50,100,75
"(2.004,2.054]",1,2.004,2.054,2.029,0.0499999999999998,0.0115074798619103,"(50,100]",50,100,75
"(2.554,2.604]",1,2.554,2.604,2.579,0.0500000000000003,0.0115074798619102,"(50,100]",50,100,75
"(6.454,6.504]",1,6.454,6.504,6.479,0.0499999999999998,0.0115074798619103,"(50,100]",50,100,75
"(10.4,10.45]",1,10.4,10.45,10.425,0.0499999999999989,0.0115074798619105,"(50,100]",50,100,75
"(23.1,23.15]",1,23.1,23.15,23.125,0.0499999999999972,0.0115074798619109,"(50,100]",50,100,75
"(0.104,0.154]",100,0.104,0.154,0.129,0.05,1.03013134174607,"(100,150]",100,150,125
"(0.154,0.204]",50,0.154,0.204,0.179,0.05,0.515065670873036,"(100,150]",100,150,125
"(0.204,0.254]",100,0.204,0.254,0.229,0.05,1.03013134174607,"(100,150]",100,150,125
"(0.254,0.304]",149,0.254,0.304,0.279,0.05,1.53489569920165,"(100,150]",100,150,125
"(0.304,0.354]",139,0.304,0.354,0.329,0.05,1.43188256502704,"(100,150]",100,150,125
"(0.354,0.404]",160,0.354,0.404,0.379,0.05,1.64821014679371,"(100,150]",100,150,125
"(0.404,0.454]",109,0.404,0.454,0.429,0.05,1.12284316250322,"(100,150]",100,150,125
"(0.454,0.504]",75,0.454,0.504,0.479,0.05,0.772598506309555,"(100,150]",100,150,125
"(0.504,0.554]",53,0.504,0.554,0.529,0.05,0.545969611125418,"(100,150]",100,150,125
"(0.554,0.604]",32,0.554,0.604,0.579,0.0499999999999999,0.329642029358744,"(100,150]",100,150,125
"(0.604,0.654]",19,0.604,0.654,0.629,0.05,0.195724954931754,"(100,150]",100,150,125
"(0.654,0.704]",16,0.654,0.704,0.679,0.0499999999999999,0.164821014679372,"(100,150]",100,150,125
"(0.704,0.754]",11,0.704,0.754,0.729,0.05,0.113314447592068,"(100,150]",100,150,125
"(0.754,0.804]",7,0.754,0.804,0.779,0.05,0.072109193922225,"(100,150]",100,150,125
"(0.804,0.854]",3,0.804,0.854,0.829,0.0499999999999999,0.0309039402523822,"(100,150]",100,150,125
"(0.854,0.904]",3,0.854,0.904,0.879,0.05,0.0309039402523821,"(100,150]",100,150,125
"(0.904,0.954]",6,0.904,0.954,0.929,0.0499999999999999,0.0618078805047644,"(100,150]",100,150,125
"(0.954,1]",1,0.954,1,0.977,0.046,0.0111970798015877,"(100,150]",100,150,125
"(1.05,1.1]",1,1.05,1.1,1.075,0.05,0.0103013134174607,"(100,150]",100,150,125
"(1.2,1.25]",2,1.2,1.25,1.225,0.05,0.0206026268349214,"(100,150]",100,150,125
"(1.4,1.45]",1,1.4,1.45,1.425,0.05,0.0103013134174607,"(100,150]",100,150,125
"(1.85,1.9]",1,1.85,1.9,1.875,0.0499999999999998,0.0103013134174608,"(100,150]",100,150,125
"(2,2.05]",1,2,2.05,2.025,0.0499999999999998,0.0103013134174608,"(100,150]",100,150,125
"(2.25,2.3]",1,2.25,2.3,2.275,0.0499999999999998,0.0103013134174608,"(100,150]",100,150,125
"(2.55,2.6]",1,2.55,2.6,2.575,0.0500000000000003,0.0103013134174607,"(100,150]",100,150,125
"(2.65,2.7]",1,2.65,2.7,2.675,0.0500000000000003,0.0103013134174607,"(100,150]",100,150,125
"(2.75,2.8]",1,2.75,2.8,2.775,0.0499999999999998,0.0103013134174608,"(100,150]",100,150,125
"(3.1,3.15]",2,3.1,3.15,3.125,0.0499999999999998,0.0206026268349215,"(100,150]",100,150,125
"(0.104,0.154]",100,0.104,0.154,0.129,0.05,1.50636438954583,"(150,200]",150,200,175
"(0.154,0.204]",50,0.154,0.204,0.179,0.05,0.753182194772916,"(150,200]",150,200,175
"(0.204,0.254]",100,0.204,0.254,0.229,0.05,1.50636438954583,"(150,200]",150,200,175
"(0.254,0.304]",147,0.254,0.304,0.279,0.05,2.21435565263237,"(150,200]",150,200,175
"(0.304,0.354]",115,0.304,0.354,0.329,0.05,1.73231904797771,"(150,200]",150,200,175
"(0.354,0.404]",99,0.354,0.404,0.379,0.05,1.49130074565037,"(150,200]",150,200,175
"(0.404,0.454]",55,0.404,0.454,0.429,0.05,0.828500414250207,"(150,200]",150,200,175
"(0.454,0.504]",30,0.454,0.504,0.479,0.05,0.451909316863749,"(150,200]",150,200,175
"(0.504,0.554]",20,0.504,0.554,0.529,0.05,0.301272877909166,"(150,200]",150,200,175
"(0.554,0.604]",13,0.554,0.604,0.579,0.0499999999999999,0.195827370640958,"(150,200]",150,200,175
"(0.604,0.654]",9,0.604,0.654,0.629,0.05,0.135572795059125,"(150,200]",150,200,175
"(0.654,0.704]",4,0.654,0.704,0.679,0.0499999999999999,0.0602545755818333,"(150,200]",150,200,175
"(0.754,0.804]",2,0.754,0.804,0.779,0.05,0.0301272877909166,"(150,200]",150,200,175
"(0.804,0.854]",3,0.804,0.854,0.829,0.0499999999999999,0.045190931686375,"(150,200]",150,200,175
"(0.904,0.954]",1,0.904,0.954,0.929,0.0499999999999999,0.0150636438954583,"(150,200]",150,200,175
"(1.05,1.1]",2,1.05,1.1,1.075,0.05,0.0301272877909166,"(150,200]",150,200,175
"(1.1,1.15]",1,1.1,1.15,1.125,0.0499999999999998,0.0150636438954584,"(150,200]",150,200,175
"(1.15,1.2]",1,1.15,1.2,1.175,0.05,0.0150636438954583,"(150,200]",150,200,175
"(1.25,1.3]",1,1.25,1.3,1.275,0.05,0.0150636438954583,"(150,200]",150,200,175
"(1.35,1.4]",2,1.35,1.4,1.375,0.0499999999999998,0.0301272877909167,"(150,200]",150,200,175
"(1.4,1.45]",2,1.4,1.45,1.425,0.05,0.0301272877909166,"(150,200]",150,200,175
"(1.9,1.95]",1,1.9,1.95,1.925,0.05,0.0150636438954583,"(150,200]",150,200,175
"(1.95,2]",1,1.95,2,1.975,0.05,0.0150636438954583,"(150,200]",150,200,175
"(0.104,0.154]",100,0.104,0.154,0.129,0.05,1.35786543553534,"(200,250]",200,250,225
"(0.154,0.204]",50,0.154,0.204,0.179,0.05,0.678932717767669,"(200,250]",200,250,225
"(0.204,0.254]",99,0.204,0.254,0.229,0.05,1.34428678117998,"(200,250]",200,250,225
"(0.254,0.304]",146,0.254,0.304,0.279,0.05,1.98248353588159,"(200,250]",200,250,225
"(0.304,0.354]",114,0.304,0.354,0.329,0.05,1.54796659651029,"(200,250]",200,250,225
"(0.354,0.404]",100,0.354,0.404,0.379,0.05,1.35786543553534,"(200,250]",200,250,225
"(0.404,0.454]",68,0.404,0.454,0.429,0.05,0.92334849616403,"(200,250]",200,250,225
"(0.454,0.504]",19,0.454,0.504,0.479,0.05,0.257994432751714,"(200,250]",200,250,225
"(0.504,0.554]",16,0.504,0.554,0.529,0.05,0.217258469685654,"(200,250]",200,250,225
"(0.554,0.604]",5,0.554,0.604,0.579,0.0499999999999999,0.067893271776767,"(200,250]",200,250,225
"(0.604,0.654]",8,0.604,0.654,0.629,0.05,0.108629234842827,"(200,250]",200,250,225
"(0.654,0.704]",1,0.654,0.704,0.679,0.0499999999999999,0.0135786543553534,"(200,250]",200,250,225
"(0.704,0.754]",4,0.704,0.754,0.729,0.05,0.0543146174214135,"(200,250]",200,250,225
"(0.754,0.804]",3,0.754,0.804,0.779,0.05,0.0407359630660601,"(200,250]",200,250,225
"(0.804,0.854]",1,0.804,0.854,0.829,0.0499999999999999,0.0135786543553534,"(200,250]",200,250,225
"(0.854,0.904]",1,0.854,0.904,0.879,0.05,0.0135786543553534,"(200,250]",200,250,225
"(0.904,0.954]",1,0.904,0.954,0.929,0.0499999999999999,0.0135786543553534,"(200,250]",200,250,225
"(1.3,1.35]",1,1.3,1.35,1.325,0.05,0.0135786543553534,"(200,250]",200,250,225
"(0.104,0.154]",100,0.104,0.154,0.129,0.05,1.29500129500129,"(250,300]",250,300,275
"(0.154,0.204]",50,0.154,0.204,0.179,0.05,0.647500647500648,"(250,300]",250,300,275
"(0.204,0.254]",100,0.204,0.254,0.229,0.05,1.29500129500129,"(250,300]",250,300,275
"(0.254,0.304]",146,0.254,0.304,0.279,0.05,1.89070189070189,"(250,300]",250,300,275
"(0.304,0.354]",118,0.304,0.354,0.329,0.05,1.52810152810153,"(250,300]",250,300,275
"(0.354,0.404]",96,0.354,0.404,0.379,0.05,1.24320124320124,"(250,300]",250,300,275
"(0.404,0.454]",45,0.404,0.454,0.429,0.05,0.582750582750583,"(250,300]",250,300,275
"(0.454,0.504]",25,0.454,0.504,0.479,0.05,0.323750323750324,"(250,300]",250,300,275
"(0.504,0.554]",12,0.504,0.554,0.529,0.05,0.155400155400155,"(250,300]",250,300,275
"(0.554,0.604]",13,0.554,0.604,0.579,0.0499999999999999,0.168350168350169,"(250,300]",250,300,275
"(0.604,0.654]",6,0.604,0.654,0.629,0.05,0.0777000777000776,"(250,300]",250,300,275
"(0.654,0.704]",5,0.654,0.704,0.679,0.0499999999999999,0.0647500647500648,"(250,300]",250,300,275
"(0.704,0.754]",2,0.704,0.754,0.729,0.05,0.0259000259000259,"(250,300]",250,300,275
"(0.754,0.804]",3,0.754,0.804,0.779,0.05,0.0388500388500388,"(250,300]",250,300,275
"(0.804,0.854]",3,0.804,0.854,0.829,0.0499999999999999,0.0388500388500389,"(250,300]",250,300,275
"(0.854,0.904]",1,0.854,0.904,0.879,0.05,0.0129500129500129,"(250,300]",250,300,275
"(0.904,0.954]",2,0.904,0.954,0.929,0.0499999999999999,0.0259000259000259,"(250,300]",250,300,275
"(1.15,1.2]",1,1.15,1.2,1.175,0.05,0.0129500129500129,"(250,300]",250,300,275
"(1.3,1.35]",1,1.3,1.35,1.325,0.05,0.0129500129500129,"(250,300]",250,300,275
"(0.104,0.154]",100,0.104,0.154,0.129,0.05,1.20729204394543,"(300,350]",300,350,325
"(0.154,0.204]",50,0.154,0.204,0.179,0.05,0.603646021972715,"(300,350]",300,350,325
"(0.204,0.254]",100,0.204,0.254,0.229,0.05,1.20729204394543,"(300,350]",300,350,325
"(0.254,0.304]",147,0.254,0.304,0.279,0.05,1.77471930459978,"(300,350]",300,350,325
"(0.304,0.354]",122,0.304,0.354,0.329,0.05,1.47289629361343,"(300,350]",300,350,325
"(0.354,0.404]",98,0.354,0.404,0.379,0.05,1.18314620306652,"(300,350]",300,350,325
"(0.404,0.454]",60,0.404,0.454,0.429,0.05,0.724375226367258,"(300,350]",300,350,325
"(0.454,0.504]",34,0.454,0.504,0.479,0.05,0.410479294941446,"(300,350]",300,350,325
"(0.504,0.554]",26,0.504,0.554,0.529,0.05,0.313895931425812,"(300,350]",300,350,325
"(0.554,0.604]",14,0.554,0.604,0.579,0.0499999999999999,0.16902088615236,"(300,350]",300,350,325
"(0.604,0.654]",14,0.604,0.654,0.629,0.05,0.16902088615236,"(300,350]",300,350,325
"(0.654,0.704]",5,0.654,0.704,0.679,0.0499999999999999,0.0603646021972716,"(300,350]",300,350,325
"(0.704,0.754]",9,0.704,0.754,0.729,0.05,0.108656283955089,"(300,350]",300,350,325
"(0.804,0.854]",3,0.804,0.854,0.829,0.0499999999999999,0.036218761318363,"(300,350]",300,350,325
"(0.854,0.904]",2,0.854,0.904,0.879,0.05,0.0241458408789086,"(300,350]",300,350,325
"(0.904,0.954]",3,0.904,0.954,0.929,0.0499999999999999,0.036218761318363,"(300,350]",300,350,325
"(0.954,1]",3,0.954,1,0.977,0.046,0.0393682188243075,"(300,350]",300,350,325
"(1,1.05]",1,1,1.05,1.025,0.05,0.0120729204394543,"(300,350]",300,350,325
"(4.9,4.95]",1,4.9,4.95,4.925,0.0499999999999998,0.0120729204394543,"(300,350]",300,350,325
"(5.15,5.2]",1,5.15,5.2,5.175,0.0499999999999998,0.0120729204394543,"(300,350]",300,350,325
"(0.104,0.154]",100,0.104,0.154,0.129,0.05,1.21373953149654,"(350,400]",350,400,375
"(0.154,0.204]",50,0.154,0.204,0.179,0.05,0.60686976574827,"(350,400]",350,400,375
"(0.204,0.254]",100,0.204,0.254,0.229,0.05,1.21373953149654,"(350,400]",350,400,375
"(0.254,0.304]",147,0.254,0.304,0.279,0.05,1.78419711129992,"(350,400]",350,400,375
"(0.304,0.354]",127,0.304,0.354,0.329,0.05,1.54144920500061,"(350,400]",350,400,375
"(0.354,0.404]",110,0.354,0.404,0.379,0.05,1.33511348464619,"(350,400]",350,400,375
"(0.404,0.454]",66,0.404,0.454,0.429,0.05,0.801068090787717,"(350,400]",350,400,375
"(0.454,0.504]",41,0.454,0.504,0.479,0.05,0.497633207913582,"(350,400]",350,400,375
"(0.504,0.554]",22,0.504,0.554,0.529,0.05,0.267022696929239,"(350,400]",350,400,375
"(0.554,0.604]",17,0.554,0.604,0.579,0.0499999999999999,0.206335720354412,"(350,400]",350,400,375
"(0.604,0.654]",18,0.604,0.654,0.629,0.05,0.218473115669377,"(350,400]",350,400,375
"(0.654,0.704]",12,0.654,0.704,0.679,0.0499999999999999,0.145648743779585,"(350,400]",350,400,375
"(0.704,0.754]",7,0.704,0.754,0.729,0.05,0.0849617672047578,"(350,400]",350,400,375
"(0.754,0.804]",5,0.754,0.804,0.779,0.05,0.060686976574827,"(350,400]",350,400,375
"(0.804,0.854]",4,0.804,0.854,0.829,0.0499999999999999,0.0485495812598617,"(350,400]",350,400,375
"(0.854,0.904]",1,0.854,0.904,0.879,0.05,0.0121373953149654,"(350,400]",350,400,375
"(0.904,0.954]",4,0.904,0.954,0.929,0.0499999999999999,0.0485495812598617,"(350,400]",350,400,375
"(0.954,1]",2,0.954,1,0.977,0.046,0.0263856419890552,"(350,400]",350,400,375
"(1,1.05]",2,1,1.05,1.025,0.05,0.0242747906299308,"(350,400]",350,400,375
"(1.05,1.1]",2,1.05,1.1,1.075,0.05,0.0242747906299308,"(350,400]",350,400,375
"(1.15,1.2]",1,1.15,1.2,1.175,0.05,0.0121373953149654,"(350,400]",350,400,375
"(1.25,1.3]",1,1.25,1.3,1.275,0.05,0.0121373953149654,"(350,400]",350,400,375
"(1.3,1.35]",1,1.3,1.35,1.325,0.05,0.0121373953149654,"(350,400]",350,400,375
"(0.104,0.154]",100,0.104,0.154,0.129,0.05,1.22354092744402,"(400,450]",400,450,425
"(0.154,0.204]",50,0.154,0.204,0.179,0.05,0.611770463722012,"(400,450]",400,450,425
"(0.204,0.254]",100,0.204,0.254,0.229,0.05,1.22354092744402,"(400,450]",400,450,425
"(0.254,0.304]",148,0.254,0.304,0.279,0.05,1.81084057261715,"(400,450]",400,450,425
"(0.304,0.354]",125,0.304,0.354,0.329,0.05,1.52942615930503,"(400,450]",400,450,425
"(0.354,0.404]",108,0.354,0.404,0.379,0.05,1.32142420163954,"(400,450]",400,450,425
"(0.404,0.454]",70,0.404,0.454,0.429,0.05,0.856478649210816,"(400,450]",400,450,425
"(0.454,0.504]",33,0.454,0.504,0.479,0.05,0.403768506056528,"(400,450]",400,450,425
"(0.504,0.554]",21,0.504,0.554,0.529,0.05,0.256943594763245,"(400,450]",400,450,425
"(0.554,0.604]",12,0.554,0.604,0.579,0.0499999999999999,0.146824911293283,"(400,450]",400,450,425
"(0.604,0.654]",12,0.604,0.654,0.629,0.05,0.146824911293283,"(400,450]",400,450,425
"(0.654,0.704]",9,0.654,0.704,0.679,0.0499999999999999,0.110118683469962,"(400,450]",400,450,425
"(0.704,0.754]",2,0.704,0.754,0.729,0.05,0.0244708185488804,"(400,450]",400,450,425
"(0.754,0.804]",3,0.754,0.804,0.779,0.05,0.0367062278233207,"(400,450]",400,450,425
"(0.804,0.854]",4,0.804,0.854,0.829,0.0499999999999999,0.048941637097761,"(400,450]",400,450,425
"(0.854,0.904]",5,0.854,0.904,0.879,0.05,0.0611770463722011,"(400,450]",400,450,425
"(0.954,1]",2,0.954,1,0.977,0.046,0.0265987158140005,"(400,450]",400,450,425
"(1.1,1.15]",1,1.1,1.15,1.125,0.0499999999999998,0.0122354092744403,"(400,450]",400,450,425
"(1.25,1.3]",1,1.25,1.3,1.275,0.05,0.0122354092744402,"(400,450]",400,450,425
"(1.6,1.65]",1,1.6,1.65,1.625,0.0499999999999998,0.0122354092744403,"(400,450]",400,450,425
"(0.104,0.154]",100,0.104,0.154,0.129,0.05,1.58654608916389,"(450,500]",450,500,475
"(0.154,0.204]",50,0.154,0.204,0.179,0.05,0.793273044581945,"(450,500]",450,500,475
"(0.204,0.254]",100,0.204,0.254,0.229,0.05,1.58654608916389,"(450,500]",450,500,475
"(0.254,0.304]",150,0.254,0.304,0.279,0.05,2.37981913374584,"(450,500]",450,500,475
"(0.304,0.354]",129,0.304,0.354,0.329,0.05,2.04664445502142,"(450,500]",450,500,475
"(0.354,0.404]",116,0.354,0.404,0.379,0.05,1.84039346343011,"(450,500]",450,500,475
"(0.404,0.454]",76,0.404,0.454,0.429,0.05,1.20577502776456,"(450,500]",450,500,475
"(0.454,0.504]",35,0.454,0.504,0.479,0.05,0.555291131207362,"(450,500]",450,500,475
"(0.504,0.554]",27,0.504,0.554,0.529,0.05,0.42836744407425,"(450,500]",450,500,475
"(0.554,0.604]",14,0.554,0.604,0.579,0.0499999999999999,0.222116452482945,"(450,500]",450,500,475
"(0.604,0.654]",8,0.604,0.654,0.629,0.05,0.126923687133111,"(450,500]",450,500,475
"(0.654,0.704]",5,0.654,0.704,0.679,0.0499999999999999,0.0793273044581946,"(450,500]",450,500,475
"(0.704,0.754]",3,0.704,0.754,0.729,0.05,0.0475963826749167,"(450,500]",450,500,475
"(0.754,0.804]",2,0.754,0.804,0.779,0.05,0.0317309217832778,"(450,500]",450,500,475
"(0.804,0.854]",1,0.804,0.854,0.829,0.0499999999999999,0.0158654608916389,"(450,500]",450,500,475
"(0.904,0.954]",2,0.904,0.954,0.929,0.0499999999999999,0.0317309217832778,"(450,500]",450,500,475
"(0.954,1]",3,0.954,1,0.977,0.046,0.051735198559692,"(450,500]",450,500,475
"(1.05,1.1]",1,1.05,1.1,1.075,0.05,0.0158654608916389,"(450,500]",450,500,475
"(1.1,1.15]",1,1.1,1.15,1.125,0.0499999999999998,0.015865460891639,"(450,500]",450,500,475
"(1.35,1.4]",1,1.35,1.4,1.375,0.0499999999999998,0.015865460891639,"(450,500]",450,500,475
"(0.104,0.154]",100,0.104,0.154,0.129,0.05,1.3014902062862,"(500,550]",500,550,525
"(0.154,0.204]",50,0.154,0.204,0.179,0.05,0.650745103143099,"(500,550]",500,550,525
"(0.204,0.254]",100,0.204,0.254,0.229,0.05,1.3014902062862,"(500,550]",500,550,525
"(0.254,0.304]",149,0.254,0.304,0.279,0.05,1.93922040736643,"(500,550]",500,550,525
"(0.304,0.354]",137,0.304,0.354,0.329,0.05,1.78304158261209,"(500,550]",500,550,525
"(0.354,0.404]",137,0.354,0.404,0.379,0.05,1.78304158261209,"(500,550]",500,550,525
"(0.404,0.454]",91,0.404,0.454,0.429,0.05,1.18435608772044,"(500,550]",500,550,525
"(0.454,0.504]",48,0.454,0.504,0.479,0.05,0.624715299017375,"(500,550]",500,550,525
"(0.504,0.554]",38,0.504,0.554,0.529,0.05,0.494566278388755,"(500,550]",500,550,525
"(0.554,0.604]",24,0.554,0.604,0.579,0.0499999999999999,0.312357649508688,"(500,550]",500,550,525
"(0.604,0.654]",23,0.604,0.654,0.629,0.05,0.299342747445825,"(500,550]",500,550,525
"(0.654,0.704]",16,0.654,0.704,0.679,0.0499999999999999,0.208238433005792,"(500,550]",500,550,525
"(0.704,0.754]",13,0.704,0.754,0.729,0.05,0.169193726817206,"(500,550]",500,550,525
"(0.754,0.804]",5,0.754,0.804,0.779,0.05,0.0650745103143098,"(500,550]",500,550,525
"(0.804,0.854]",6,0.804,0.854,0.829,0.0499999999999999,0.078089412377172,"(500,550]",500,550,525
"(0.854,0.904]",5,0.854,0.904,0.879,0.05,0.0650745103143098,"(500,550]",500,550,525
"(0.904,0.954]",7,0.904,0.954,0.929,0.0499999999999999,0.0911043144400339,"(500,550]",500,550,525
"(0.954,1]",1,0.954,1,0.977,0.046,0.0141466326770239,"(500,550]",500,550,525
"(1,1.05]",5,1,1.05,1.025,0.05,0.0650745103143098,"(500,550]",500,550,525
"(1.05,1.1]",2,1.05,1.1,1.075,0.05,0.0260298041257239,"(500,550]",500,550,525
"(1.1,1.15]",1,1.1,1.15,1.125,0.0499999999999998,0.013014902062862,"(500,550]",500,550,525
"(1.15,1.2]",2,1.15,1.2,1.175,0.05,0.0260298041257239,"(500,550]",500,550,525
"(1.2,1.25]",2,1.2,1.25,1.225,0.05,0.0260298041257239,"(500,550]",500,550,525
"(1.25,1.3]",3,1.25,1.3,1.275,0.05,0.0390447061885859,"(500,550]",500,550,525
"(1.3,1.35]",4,1.3,1.35,1.325,0.05,0.0520596082514479,"(500,550]",500,550,525
"(1.35,1.4]",1,1.35,1.4,1.375,0.0499999999999998,0.013014902062862,"(500,550]",500,550,525
"(1.4,1.45]",3,1.4,1.45,1.425,0.05,0.0390447061885859,"(500,550]",500,550,525
"(1.45,1.5]",3,1.45,1.5,1.475,0.05,0.0390447061885859,"(500,550]",500,550,525
"(1.5,1.55]",1,1.5,1.55,1.525,0.05,0.013014902062862,"(500,550]",500,550,525
"(1.55,1.6]",1,1.55,1.6,1.575,0.05,0.013014902062862,"(500,550]",500,550,525
"(1.6,1.65]",2,1.6,1.65,1.625,0.0499999999999998,0.026029804125724,"(500,550]",500,550,525
"(1.65,1.7]",1,1.65,1.7,1.675,0.05,0.013014902062862,"(500,550]",500,550,525
"(1.7,1.75]",3,1.7,1.75,1.725,0.05,0.0390447061885859,"(500,550]",500,550,525
"(1.75,1.8]",1,1.75,1.8,1.775,0.05,0.013014902062862,"(500,550]",500,550,525
"(1.8,1.85]",1,1.8,1.85,1.825,0.05,0.013014902062862,"(500,550]",500,550,525
"(1.85,1.9]",2,1.85,1.9,1.875,0.0499999999999998,0.026029804125724,"(500,550]",500,550,525
"(1.95,2]",2,1.95,2,1.975,0.05,0.0260298041257239,"(500,550]",500,550,525
"(2,2.05]",1,2,2.05,2.025,0.0499999999999998,0.013014902062862,"(500,550]",500,550,525
"(2.1,2.15]",1,2.1,2.15,2.125,0.0499999999999998,0.013014902062862,"(500,550]",500,550,525
"(2.2,2.25]",2,2.2,2.25,2.225,0.0499999999999998,0.026029804125724,"(500,550]",500,550,525
"(2.45,2.5]",1,2.45,2.5,2.475,0.0499999999999998,0.013014902062862,"(500,550]",500,550,525
"(2.65,2.7]",2,2.65,2.7,2.675,0.0500000000000003,0.0260298041257238,"(500,550]",500,550,525
"(3.15,3.2]",1,3.15,3.2,3.175,0.0500000000000003,0.0130149020628619,"(500,550]",500,550,525
"(3.3,3.35]",2,3.3,3.35,3.325,0.0500000000000003,0.0260298041257238,"(500,550]",500,550,525
"(3.35,3.4]",1,3.35,3.4,3.375,0.0499999999999998,0.013014902062862,"(500,550]",500,550,525
"(3.75,3.8]",2,3.75,3.8,3.775,0.0499999999999998,0.026029804125724,"(500,550]",500,550,525
"(0.104,0.154]",90,0.104,0.154,0.129,0.05,1.19268486615425,"(550,595]",550,595,572.5
"(0.154,0.204]",45,0.154,0.204,0.179,0.05,0.596342433077127,"(550,595]",550,595,572.5
"(0.204,0.254]",90,0.204,0.254,0.229,0.05,1.19268486615425,"(550,595]",550,595,572.5
"(0.254,0.304]",133,0.254,0.304,0.279,0.05,1.76252319109462,"(550,595]",550,595,572.5
"(0.304,0.354]",120,0.304,0.354,0.329,0.05,1.59024648820567,"(550,595]",550,595,572.5
"(0.354,0.404]",115,0.354,0.404,0.379,0.05,1.52398621786377,"(550,595]",550,595,572.5
"(0.404,0.454]",71,0.404,0.454,0.429,0.05,0.940895838855023,"(550,595]",550,595,572.5
"(0.454,0.504]",45,0.454,0.504,0.479,0.05,0.596342433077127,"(550,595]",550,595,572.5
"(0.504,0.554]",26,0.504,0.554,0.529,0.05,0.344553405777895,"(550,595]",550,595,572.5
"(0.554,0.604]",20,0.554,0.604,0.579,0.0499999999999999,0.265041081367612,"(550,595]",550,595,572.5
"(0.604,0.654]",13,0.604,0.654,0.629,0.05,0.172276702888948,"(550,595]",550,595,572.5
"(0.654,0.704]",8,0.654,0.704,0.679,0.0499999999999999,0.106016432547045,"(550,595]",550,595,572.5
"(0.704,0.754]",9,0.704,0.754,0.729,0.05,0.119268486615425,"(550,595]",550,595,572.5
"(0.754,0.804]",6,0.754,0.804,0.779,0.05,0.0795123244102835,"(550,595]",550,595,572.5
"(0.804,0.854]",5,0.804,0.854,0.829,0.0499999999999999,0.0662602703419031,"(550,595]",550,595,572.5
"(0.854,0.904]",5,0.854,0.904,0.879,0.05,0.0662602703419029,"(550,595]",550,595,572.5
"(0.904,0.954]",7,0.904,0.954,0.929,0.0499999999999999,0.0927643784786643,"(550,595]",550,595,572.5
"(0.954,1]",4,0.954,1,0.977,0.046,0.0576176263842634,"(550,595]",550,595,572.5
"(1,1.05]",4,1,1.05,1.025,0.05,0.0530082162735223,"(550,595]",550,595,572.5
"(1.05,1.1]",8,1.05,1.1,1.075,0.05,0.106016432547045,"(550,595]",550,595,572.5
"(1.1,1.15]",3,1.1,1.15,1.125,0.0499999999999998,0.0397561622051419,"(550,595]",550,595,572.5
"(1.15,1.2]",3,1.15,1.2,1.175,0.05,0.0397561622051418,"(550,595]",550,595,572.5
"(1.2,1.25]",2,1.2,1.25,1.225,0.05,0.0265041081367612,"(550,595]",550,595,572.5
"(1.25,1.3]",2,1.25,1.3,1.275,0.05,0.0265041081367612,"(550,595]",550,595,572.5
"(1.35,1.4]",3,1.35,1.4,1.375,0.0499999999999998,0.0397561622051419,"(550,595]",550,595,572.5
"(1.4,1.45]",1,1.4,1.45,1.425,0.05,0.0132520540683806,"(550,595]",550,595,572.5
"(1.45,1.5]",3,1.45,1.5,1.475,0.05,0.0397561622051418,"(550,595]",550,595,572.5
"(1.5,1.55]",2,1.5,1.55,1.525,0.05,0.0265041081367612,"(550,595]",550,595,572.5
"(1.55,1.6]",4,1.55,1.6,1.575,0.05,0.0530082162735223,"(550,595]",550,595,572.5
"(1.6,1.65]",2,1.6,1.65,1.625,0.0499999999999998,0.0265041081367613,"(550,595]",550,595,572.5
"(1.65,1.7]",2,1.65,1.7,1.675,0.05,0.0265041081367612,"(550,595]",550,595,572.5
"(1.7,1.75]",3,1.7,1.75,1.725,0.05,0.0397561622051418,"(550,595]",550,595,572.5
"(1.75,1.8]",1,1.75,1.8,1.775,0.05,0.0132520540683806,"(550,595]",550,595,572.5
"(1.8,1.85]",4,1.8,1.85,1.825,0.05,0.0530082162735223,"(550,595]",550,595,572.5
"(1.85,1.9]",2,1.85,1.9,1.875,0.0499999999999998,0.0265041081367613,"(550,595]",550,595,572.5
"(1.9,1.95]",2,1.9,1.95,1.925,0.05,0.0265041081367612,"(550,595]",550,595,572.5
"(1.95,2]",4,1.95,2,1.975,0.05,0.0530082162735223,"(550,595]",550,595,572.5
"(2,2.05]",1,2,2.05,2.025,0.0499999999999998,0.0132520540683806,"(550,595]",550,595,572.5
"(2.05,2.1]",1,2.05,2.1,2.075,0.0500000000000003,0.0132520540683805,"(550,595]",550,595,572.5
"(2.1,2.15]",2,2.1,2.15,2.125,0.0499999999999998,0.0265041081367613,"(550,595]",550,595,572.5
"(2.15,2.2]",3,2.15,2.2,2.175,0.0500000000000003,0.0397561622051416,"(550,595]",550,595,572.5
"(2.55,2.6]",2,2.55,2.6,2.575,0.0500000000000003,0.0265041081367611,"(550,595]",550,595,572.5
"(2.95,3]",1,2.95,3,2.975,0.0499999999999998,0.0132520540683806,"(550,595]",550,595,572.5
"(3.05,3.1]",1,3.05,3.1,3.075,0.0500000000000003,0.0132520540683805,"(550,595]",550,595,572.5
"(3.4,3.45]",1,3.4,3.45,3.425,0.0500000000000003,0.0132520540683805,"(550,595]",550,595,572.5
"(0.104,0.154]",20,0.104,0.154,0.129,0.05,1.58102766798419,"(595,605]",595,605,600
"(0.154,0.204]",10,0.154,0.204,0.179,0.05,0.790513833992095,"(595,605]",595,605,600
"(0.204,0.254]",20,0.204,0.254,0.229,0.05,1.58102766798419,"(595,605]",595,605,600
"(0.254,0.304]",29,0.254,0.304,0.279,0.05,2.29249011857708,"(595,605]",595,605,600
"(0.304,0.354]",28,0.304,0.354,0.329,0.05,2.21343873517787,"(595,605]",595,605,600
"(0.354,0.404]",23,0.354,0.404,0.379,0.05,1.81818181818182,"(595,605]",595,605,600
"(0.404,0.454]",18,0.404,0.454,0.429,0.05,1.42292490118577,"(595,605]",595,605,600
"(0.454,0.504]",4,0.454,0.504,0.479,0.05,0.316205533596838,"(595,605]",595,605,600
"(0.504,0.554]",2,0.504,0.554,0.529,0.05,0.158102766798419,"(595,605]",595,605,600
"(0.554,0.604]",2,0.554,0.604,0.579,0.0499999999999999,0.158102766798419,"(595,605]",595,605,600
"(0.604,0.654]",1,0.604,0.654,0.629,0.05,0.0790513833992094,"(595,605]",595,605,600
"(0.704,0.754]",1,0.704,0.754,0.729,0.05,0.0790513833992094,"(595,605]",595,605,600
"(0.804,0.854]",1,0.804,0.854,0.829,0.0499999999999999,0.0790513833992096,"(595,605]",595,605,600
"(0.854,0.904]",2,0.854,0.904,0.879,0.05,0.158102766798419,"(595,605]",595,605,600
"(0.104,0.154]",90,0.104,0.154,0.129,0.05,1.59489633173844,"(605,650]",605,650,627.5
"(0.154,0.204]",45,0.154,0.204,0.179,0.05,0.797448165869219,"(605,650]",605,650,627.5
"(0.204,0.254]",90,0.204,0.254,0.229,0.05,1.59489633173844,"(605,650]",605,650,627.5
"(0.254,0.304]",135,0.254,0.304,0.279,0.05,2.39234449760766,"(605,650]",605,650,627.5
"(0.304,0.354]",119,0.304,0.354,0.329,0.05,2.10880737196527,"(605,650]",605,650,627.5
"(0.354,0.404]",106,0.354,0.404,0.379,0.05,1.87843345738082,"(605,650]",605,650,627.5
"(0.404,0.454]",59,0.404,0.454,0.429,0.05,1.04554315080631,"(605,650]",605,650,627.5
"(0.454,0.504]",17,0.454,0.504,0.479,0.05,0.301258195995038,"(605,650]",605,650,627.5
"(0.504,0.554]",16,0.504,0.554,0.529,0.05,0.283537125642389,"(605,650]",605,650,627.5
"(0.554,0.604]",16,0.554,0.604,0.579,0.0499999999999999,0.283537125642389,"(605,650]",605,650,627.5
"(0.604,0.654]",9,0.604,0.654,0.629,0.05,0.159489633173844,"(605,650]",605,650,627.5
"(0.654,0.704]",2,0.654,0.704,0.679,0.0499999999999999,0.0354421407052986,"(605,650]",605,650,627.5
"(0.704,0.754]",3,0.704,0.754,0.729,0.05,0.0531632110579478,"(605,650]",605,650,627.5
"(0.754,0.804]",5,0.754,0.804,0.779,0.05,0.0886053517632464,"(605,650]",605,650,627.5
"(0.804,0.854]",4,0.804,0.854,0.829,0.0499999999999999,0.0708842814105973,"(605,650]",605,650,627.5
"(0.854,0.904]",5,0.854,0.904,0.879,0.05,0.0886053517632464,"(605,650]",605,650,627.5
"(0.904,0.954]",1,0.904,0.954,0.929,0.0499999999999999,0.0177210703526493,"(605,650]",605,650,627.5
"(1,1.05]",1,1,1.05,1.025,0.05,0.0177210703526493,"(605,650]",605,650,627.5
"(1.05,1.1]",1,1.05,1.1,1.075,0.05,0.0177210703526493,"(605,650]",605,650,627.5
"(1.1,1.15]",1,1.1,1.15,1.125,0.0499999999999998,0.0177210703526494,"(605,650]",605,650,627.5
"(1.2,1.25]",1,1.2,1.25,1.225,0.05,0.0177210703526493,"(605,650]",605,650,627.5
"(1.25,1.3]",3,1.25,1.3,1.275,0.05,0.0531632110579478,"(605,650]",605,650,627.5
"(1.3,1.35]",1,1.3,1.35,1.325,0.05,0.0177210703526493,"(605,650]",605,650,627.5
"(1.35,1.4]",4,1.35,1.4,1.375,0.0499999999999998,0.0708842814105975,"(605,650]",605,650,627.5
"(1.4,1.45]",1,1.4,1.45,1.425,0.05,0.0177210703526493,"(605,650]",605,650,627.5
"(1.5,1.55]",1,1.5,1.55,1.525,0.05,0.0177210703526493,"(605,650]",605,650,627.5
"(2.05,2.1]",1,2.05,2.1,2.075,0.0500000000000003,0.0177210703526492,"(605,650]",605,650,627.5
"(2.15,2.2]",1,2.15,2.2,2.175,0.0500000000000003,0.0177210703526492,"(605,650]",605,650,627.5
"(0.104,0.154]",200,0.104,0.154,0.129,0.05,1.71364921600548,"(650,750]",650,750,700
"(0.154,0.204]",100,0.154,0.204,0.179,0.05,0.856824608002742,"(650,750]",650,750,700
"(0.204,0.254]",200,0.204,0.254,0.229,0.05,1.71364921600548,"(650,750]",650,750,700
"(0.254,0.304]",300,0.254,0.304,0.279,0.05,2.57047382400823,"(650,750]",650,750,700
"(0.304,0.354]",281,0.304,0.354,0.329,0.05,2.4076771484877,"(650,750]",650,750,700
"(0.354,0.404]",267,0.354,0.404,0.379,0.05,2.28772170336732,"(650,750]",650,750,700
"(0.404,0.454]",121,0.404,0.454,0.429,0.05,1.03675777568332,"(650,750]",650,750,700
"(0.454,0.504]",55,0.454,0.504,0.479,0.05,0.471253534401508,"(650,750]",650,750,700
"(0.504,0.554]",38,0.504,0.554,0.529,0.05,0.325593351041042,"(650,750]",650,750,700
"(0.554,0.604]",13,0.554,0.604,0.579,0.0499999999999999,0.111387199040357,"(650,750]",650,750,700
"(0.604,0.654]",12,0.604,0.654,0.629,0.05,0.102818952960329,"(650,750]",650,750,700
"(0.654,0.704]",8,0.654,0.704,0.679,0.0499999999999999,0.0685459686402194,"(650,750]",650,750,700
"(0.704,0.754]",5,0.704,0.754,0.729,0.05,0.042841230400137,"(650,750]",650,750,700
"(0.754,0.804]",6,0.754,0.804,0.779,0.05,0.0514094764801645,"(650,750]",650,750,700
"(0.804,0.854]",4,0.804,0.854,0.829,0.0499999999999999,0.0342729843201097,"(650,750]",650,750,700
"(0.854,0.904]",2,0.854,0.904,0.879,0.05,0.0171364921600548,"(650,750]",650,750,700
"(0.904,0.954]",3,0.904,0.954,0.929,0.0499999999999999,0.0257047382400823,"(650,750]",650,750,700
"(0.954,1]",1,0.954,1,0.977,0.046,0.00931331095655153,"(650,750]",650,750,700
"(1,1.05]",5,1,1.05,1.025,0.05,0.042841230400137,"(650,750]",650,750,700
"(1.05,1.1]",4,1.05,1.1,1.075,0.05,0.0342729843201096,"(650,750]",650,750,700
"(1.1,1.15]",2,1.1,1.15,1.125,0.0499999999999998,0.0171364921600549,"(650,750]",650,750,700
"(1.15,1.2]",2,1.15,1.2,1.175,0.05,0.0171364921600548,"(650,750]",650,750,700
"(1.2,1.25]",1,1.2,1.25,1.225,0.05,0.00856824608002741,"(650,750]",650,750,700
"(1.25,1.3]",1,1.25,1.3,1.275,0.05,0.00856824608002741,"(650,750]",650,750,700
"(1.3,1.35]",1,1.3,1.35,1.325,0.05,0.00856824608002741,"(650,750]",650,750,700
"(1.4,1.45]",1,1.4,1.45,1.425,0.05,0.00856824608002741,"(650,750]",650,750,700
"(1.45,1.5]",1,1.45,1.5,1.475,0.05,0.00856824608002741,"(650,750]",650,750,700
"(0.104,0.154]",100,0.104,0.154,0.129,0.05,1.64541341011929,"(750,800]",750,800,775
"(0.154,0.204]",50,0.154,0.204,0.179,0.05,0.822706705059646,"(750,800]",750,800,775
"(0.204,0.254]",100,0.204,0.254,0.229,0.05,1.64541341011929,"(750,800]",750,800,775
"(0.254,0.304]",150,0.254,0.304,0.279,0.05,2.46812011517894,"(750,800]",750,800,775
"(0.304,0.354]",143,0.304,0.354,0.329,0.05,2.35294117647059,"(750,800]",750,800,775
"(0.354,0.404]",143,0.354,0.404,0.379,0.05,2.35294117647059,"(750,800]",750,800,775
"(0.404,0.454]",81,0.404,0.454,0.429,0.05,1.33278486219663,"(750,800]",750,800,775
"(0.454,0.504]",39,0.454,0.504,0.479,0.05,0.641711229946524,"(750,800]",750,800,775
"(0.504,0.554]",18,0.504,0.554,0.529,0.05,0.296174413821472,"(750,800]",750,800,775
"(0.554,0.604]",7,0.554,0.604,0.579,0.0499999999999999,0.115178938708351,"(750,800]",750,800,775
"(0.604,0.654]",5,0.604,0.654,0.629,0.05,0.0822706705059646,"(750,800]",750,800,775
"(0.654,0.704]",6,0.654,0.704,0.679,0.0499999999999999,0.0987248046071577,"(750,800]",750,800,775
"(0.704,0.754]",4,0.704,0.754,0.729,0.05,0.0658165364047716,"(750,800]",750,800,775
"(0.754,0.804]",4,0.754,0.804,0.779,0.05,0.0658165364047716,"(750,800]",750,800,775
"(0.804,0.854]",4,0.804,0.854,0.829,0.0499999999999999,0.0658165364047718,"(750,800]",750,800,775
"(0.904,0.954]",1,0.904,0.954,0.929,0.0499999999999999,0.0164541341011929,"(750,800]",750,800,775
"(0.954,1]",1,0.954,1,0.977,0.046,0.0178849283708619,"(750,800]",750,800,775
"(1.05,1.1]",1,1.05,1.1,1.075,0.05,0.0164541341011929,"(750,800]",750,800,775
"(1.2,1.25]",1,1.2,1.25,1.225,0.05,0.0164541341011929,"(750,800]",750,800,775
"(5.95,6]",1,5.95,6,5.975,0.0499999999999998,0.016454134101193,"(750,800]",750,800,775
"(0.104,0.154]",100,0.104,0.154,0.129,0.05,1.58516287548546,"(800,850]",800,850,825
"(0.154,0.204]",50,0.154,0.204,0.179,0.05,0.792581437742728,"(800,850]",800,850,825
"(0.204,0.254]",100,0.204,0.254,0.229,0.05,1.58516287548546,"(800,850]",800,850,825
"(0.254,0.304]",150,0.254,0.304,0.279,0.05,2.37774431322818,"(800,850]",800,850,825
"(0.304,0.354]",143,0.304,0.354,0.329,0.05,2.2667829119442,"(800,850]",800,850,825
"(0.354,0.404]",150,0.354,0.404,0.379,0.05,2.37774431322818,"(800,850]",800,850,825
"(0.404,0.454]",87,0.404,0.454,0.429,0.05,1.37909170167235,"(800,850]",800,850,825
"(0.454,0.504]",35,0.454,0.504,0.479,0.05,0.55480700641991,"(800,850]",800,850,825
"(0.504,0.554]",35,0.504,0.554,0.529,0.05,0.554807006419909,"(800,850]",800,850,825
"(0.554,0.604]",15,0.554,0.604,0.579,0.0499999999999999,0.237774431322819,"(800,850]",800,850,825
"(0.604,0.654]",11,0.604,0.654,0.629,0.05,0.1743679163034,"(800,850]",800,850,825
"(0.654,0.704]",13,0.654,0.704,0.679,0.0499999999999999,0.20607117381311,"(800,850]",800,850,825
"(0.704,0.754]",7,0.704,0.754,0.729,0.05,0.110961401283982,"(800,850]",800,850,825
"(0.754,0.804]",3,0.754,0.804,0.779,0.05,0.0475548862645636,"(800,850]",800,850,825
"(0.804,0.854]",3,0.804,0.854,0.829,0.0499999999999999,0.0475548862645637,"(800,850]",800,850,825
"(0.854,0.904]",2,0.854,0.904,0.879,0.05,0.0317032575097091,"(800,850]",800,850,825
"(0.904,0.954]",1,0.904,0.954,0.929,0.0499999999999999,0.0158516287548546,"(800,850]",800,850,825
"(0.954,1]",4,0.954,1,0.977,0.046,0.0689201250211067,"(800,850]",800,850,825
"(1,1.05]",3,1,1.05,1.025,0.05,0.0475548862645636,"(800,850]",800,850,825
"(1.05,1.1]",2,1.05,1.1,1.075,0.05,0.0317032575097091,"(800,850]",800,850,825
"(1.1,1.15]",1,1.1,1.15,1.125,0.0499999999999998,0.0158516287548546,"(800,850]",800,850,825
"(1.4,1.45]",1,1.4,1.45,1.425,0.05,0.0158516287548545,"(800,850]",800,850,825
"(1.55,1.6]",1,1.55,1.6,1.575,0.05,0.0158516287548545,"(800,850]",800,850,825
"(1.6,1.65]",1,1.6,1.65,1.625,0.0499999999999998,0.0158516287548546,"(800,850]",800,850,825
"(1.65,1.7]",2,1.65,1.7,1.675,0.05,0.0317032575097091,"(800,850]",800,850,825
"(1.85,1.9]",1,1.85,1.9,1.875,0.0499999999999998,0.0158516287548546,"(800,850]",800,850,825
"(0.104,0.154]",100,0.104,0.154,0.129,0.05,1.60758781448437,"(850,900]",850,900,875
"(0.154,0.204]",50,0.154,0.204,0.179,0.05,0.803793907242183,"(850,900]",850,900,875
"(0.204,0.254]",100,0.204,0.254,0.229,0.05,1.60758781448437,"(850,900]",850,900,875
"(0.254,0.304]",150,0.254,0.304,0.279,0.05,2.41138172172655,"(850,900]",850,900,875
"(0.304,0.354]",146,0.304,0.354,0.329,0.05,2.34707820914717,"(850,900]",850,900,875
"(0.354,0.404]",147,0.354,0.404,0.379,0.05,2.36315408729202,"(850,900]",850,900,875
"(0.404,0.454]",86,0.404,0.454,0.429,0.05,1.38252552045656,"(850,900]",850,900,875
"(0.454,0.504]",38,0.454,0.504,0.479,0.05,0.610883369504059,"(850,900]",850,900,875
"(0.504,0.554]",25,0.504,0.554,0.529,0.05,0.401896953621091,"(850,900]",850,900,875
"(0.554,0.604]",18,0.554,0.604,0.579,0.0499999999999999,0.289365806607186,"(850,900]",850,900,875
"(0.604,0.654]",10,0.604,0.654,0.629,0.05,0.160758781448436,"(850,900]",850,900,875
"(0.654,0.704]",2,0.654,0.704,0.679,0.0499999999999999,0.0321517562896874,"(850,900]",850,900,875
"(0.704,0.754]",3,0.704,0.754,0.729,0.05,0.0482276344345309,"(850,900]",850,900,875
"(0.754,0.804]",3,0.754,0.804,0.779,0.05,0.0482276344345309,"(850,900]",850,900,875
"(0.804,0.854]",2,0.804,0.854,0.829,0.0499999999999999,0.0321517562896874,"(850,900]",850,900,875
"(0.954,1]",1,0.954,1,0.977,0.046,0.0174737805922214,"(850,900]",850,900,875
"(1,1.05]",1,1,1.05,1.025,0.05,0.0160758781448436,"(850,900]",850,900,875
"(1.1,1.15]",1,1.1,1.15,1.125,0.0499999999999998,0.0160758781448437,"(850,900]",850,900,875
"(1.2,1.25]",2,1.2,1.25,1.225,0.05,0.0321517562896873,"(850,900]",850,900,875
"(1.25,1.3]",1,1.25,1.3,1.275,0.05,0.0160758781448436,"(850,900]",850,900,875
"(1.3,1.35]",2,1.3,1.35,1.325,0.05,0.0321517562896873,"(850,900]",850,900,875
"(1.35,1.4]",2,1.35,1.4,1.375,0.0499999999999998,0.0321517562896874,"(850,900]",850,900,875
"(1.4,1.45]",2,1.4,1.45,1.425,0.05,0.0321517562896873,"(850,900]",850,900,875
"(1.8,1.85]",1,1.8,1.85,1.825,0.05,0.0160758781448436,"(850,900]",850,900,875
"(2,2.05]",1,2,2.05,2.025,0.0499999999999998,0.0160758781448437,"(850,900]",850,900,875
"(2.1,2.15]",1,2.1,2.15,2.125,0.0499999999999998,0.0160758781448437,"(850,900]",850,900,875
"(2.35,2.4]",1,2.35,2.4,2.375,0.0499999999999998,0.0160758781448437,"(850,900]",850,900,875
"(2.4,2.45]",1,2.4,2.45,2.425,0.0500000000000003,0.0160758781448436,"(850,900]",850,900,875
"(0.104,0.154]",100,0.104,0.154,0.129,0.05,1.75500175500175,"(900,950]",900,950,925
"(0.154,0.204]",50,0.154,0.204,0.179,0.05,0.877500877500878,"(900,950]",900,950,925
"(0.204,0.254]",100,0.204,0.254,0.229,0.05,1.75500175500175,"(900,950]",900,950,925
"(0.254,0.304]",150,0.254,0.304,0.279,0.05,2.63250263250263,"(900,950]",900,950,925
"(0.304,0.354]",145,0.304,0.354,0.329,0.05,2.54475254475254,"(900,950]",900,950,925
"(0.354,0.404]",148,0.354,0.404,0.379,0.05,2.59740259740259,"(900,950]",900,950,925
"(0.404,0.454]",82,0.404,0.454,0.429,0.05,1.43910143910144,"(900,950]",900,950,925
"(0.454,0.504]",45,0.454,0.504,0.479,0.05,0.78975078975079,"(900,950]",900,950,925
"(0.504,0.554]",20,0.504,0.554,0.529,0.05,0.351000351000351,"(900,950]",900,950,925
"(0.554,0.604]",5,0.554,0.604,0.579,0.0499999999999999,0.0877500877500878,"(900,950]",900,950,925
"(0.604,0.654]",9,0.604,0.654,0.629,0.05,0.157950157950158,"(900,950]",900,950,925
"(0.654,0.704]",8,0.654,0.704,0.679,0.0499999999999999,0.140400140400141,"(900,950]",900,950,925
"(0.704,0.754]",4,0.704,0.754,0.729,0.05,0.0702000702000701,"(900,950]",900,950,925
"(0.754,0.804]",1,0.754,0.804,0.779,0.05,0.0175500175500175,"(900,950]",900,950,925
"(0.854,0.904]",1,0.854,0.904,0.879,0.05,0.0175500175500175,"(900,950]",900,950,925
"(0.954,1]",2,0.954,1,0.977,0.046,0.0381522120652555,"(900,950]",900,950,925
"(1,1.05]",1,1,1.05,1.025,0.05,0.0175500175500175,"(900,950]",900,950,925
"(1.3,1.35]",1,1.3,1.35,1.325,0.05,0.0175500175500175,"(900,950]",900,950,925
"(1.6,1.65]",1,1.6,1.65,1.625,0.0499999999999998,0.0175500175500176,"(900,950]",900,950,925
"(2.7,2.75]",1,2.7,2.75,2.725,0.0499999999999998,0.0175500175500176,"(900,950]",900,950,925
"(0.104,0.154]",100,0.104,0.154,0.129,0.05,1.63800163800164,"(950,1e+03]",950,1000,975
"(0.154,0.204]",50,0.154,0.204,0.179,0.05,0.819000819000819,"(950,1e+03]",950,1000,975
"(0.204,0.254]",100,0.204,0.254,0.229,0.05,1.63800163800164,"(950,1e+03]",950,1000,975
"(0.254,0.304]",150,0.254,0.304,0.279,0.05,2.45700245700246,"(950,1e+03]",950,1000,975
"(0.304,0.354]",145,0.304,0.354,0.329,0.05,2.37510237510238,"(950,1e+03]",950,1000,975
"(0.354,0.404]",143,0.354,0.404,0.379,0.05,2.34234234234234,"(950,1e+03]",950,1000,975
"(0.404,0.454]",78,0.404,0.454,0.429,0.05,1.27764127764128,"(950,1e+03]",950,1000,975
"(0.454,0.504]",41,0.454,0.504,0.479,0.05,0.671580671580672,"(950,1e+03]",950,1000,975
"(0.504,0.554]",24,0.504,0.554,0.529,0.05,0.393120393120393,"(950,1e+03]",950,1000,975
"(0.554,0.604]",14,0.554,0.604,0.579,0.0499999999999999,0.22932022932023,"(950,1e+03]",950,1000,975
"(0.604,0.654]",11,0.604,0.654,0.629,0.05,0.18018018018018,"(950,1e+03]",950,1000,975
"(0.654,0.704]",4,0.654,0.704,0.679,0.0499999999999999,0.0655200655200656,"(950,1e+03]",950,1000,975
"(0.704,0.754]",2,0.704,0.754,0.729,0.05,0.0327600327600327,"(950,1e+03]",950,1000,975
"(0.804,0.854]",2,0.804,0.854,0.829,0.0499999999999999,0.0327600327600328,"(950,1e+03]",950,1000,975
"(0.904,0.954]",3,0.904,0.954,0.929,0.0499999999999999,0.0491400491400492,"(950,1e+03]",950,1000,975
"(1,1.05]",1,1,1.05,1.025,0.05,0.0163800163800164,"(950,1e+03]",950,1000,975
"(1.05,1.1]",1,1.05,1.1,1.075,0.05,0.0163800163800164,"(950,1e+03]",950,1000,975
"(3.45,3.5]",1,3.45,3.5,3.475,0.0499999999999998,0.0163800163800164,"(950,1e+03]",950,1000,975
"(3.65,3.7]",1,3.65,3.7,3.675,0.0500000000000003,0.0163800163800163,"(950,1e+03]",950,1000,975
"(4.15,4.2]",1,4.15,4.2,4.175,0.0499999999999998,0.0163800163800164,"(950,1e+03]",950,1000,975
"(0.104,0.154]",22,0.104,0.154,0.129,0.05,1.68776371308017,"(1e+03,1.1e+03]",1000,1100,1050
"(0.154,0.204]",11,0.154,0.204,0.179,0.05,0.843881856540084,"(1e+03,1.1e+03]",1000,1100,1050
"(0.204,0.254]",22,0.204,0.254,0.229,0.05,1.68776371308017,"(1e+03,1.1e+03]",1000,1100,1050
"(0.254,0.304]",31,0.254,0.304,0.279,0.05,2.37821250479478,"(1e+03,1.1e+03]",1000,1100,1050
"(0.304,0.354]",30,0.304,0.354,0.329,0.05,2.30149597238205,"(1e+03,1.1e+03]",1000,1100,1050
"(0.354,0.404]",33,0.354,0.404,0.379,0.05,2.53164556962025,"(1e+03,1.1e+03]",1000,1100,1050
"(0.404,0.454]",18,0.404,0.454,0.429,0.05,1.38089758342923,"(1e+03,1.1e+03]",1000,1100,1050
"(0.454,0.504]",9,0.454,0.504,0.479,0.05,0.690448791714614,"(1e+03,1.1e+03]",1000,1100,1050
"(0.504,0.554]",5,0.504,0.554,0.529,0.05,0.383582662063674,"(1e+03,1.1e+03]",1000,1100,1050
"(0.554,0.604]",4,0.554,0.604,0.579,0.0499999999999999,0.30686612965094,"(1e+03,1.1e+03]",1000,1100,1050
"(0.604,0.654]",1,0.604,0.654,0.629,0.05,0.0767165324127349,"(1e+03,1.1e+03]",1000,1100,1050
